mouse_ID,sex,bwd70,mrilean,logbwd70,logmrilean,rs31194300,rs4222269,rs4222320,rs31991963,rs31886089,rs31684041,rs31234127,rs31791013,rs32520046,rs4222579,rs3672697,rs31424068,rs32257630,rs31474366,rs4222922
9101224,0,29.62,25.35,3.388449809,3.23277873,1,1,1,1,-,1,1,0,0,1,1,1,1,1,1
9101225,0,28.61,24.95,3.353756307,3.216873822,1,-,1,1,0,0,0,1,1,1,-,2,2,2,2
9101226,0,31.83,27.26,3.460409241,3.305420426,1,1,1,1,1,1,1,0,0,0,0,1,1,1,1
9101227,0,29.96,26.14,3.399863159,3.263466708,0,0,0,0,0,1,1,0,0,1,-,1,1,1,2
9101228,0,29.18,25.13,3.373483543,3.224062352,0,0,0,0,0,0,0,1,1,2,2,2,2,2,2
9101244,0,32.28,26.05,3.474447843,3.260017768,1,1,1,1,-,2,2,1,1,1,0,0,1,1,1
9101245,0,29.67,24.91,3.390136434,3.215269329,2,2,1,1,-,2,2,2,2,2,1,0,1,1,1
9101246,0,33.53,27.34,3.51244056,3.308350831,2,2,1,1,-,1,1,1,1,1,2,1,1,1,1
9101247,0,33.49,28.01,3.511246887,3.332561589,2,1,1,1,1,1,1,1,1,1,1,1,2,2,2
9101248,0,30.27,25.04,3.410157123,3.220474546,1,1,1,1,1,1,1,1,1,1,2,1,1,1,1
9101253,0,27.45,23.71,3.312366168,3.1658969,2,2,2,2,0,1,-,1,1,1,-,1,1,1,0
9101257,0,30.36,25.45,3.413125953,3.236715743,1,1,1,1,1,1,1,0,0,0,0,0,0,0,0
9101258,0,33.77,28.62,3.519572834,3.354105774,1,1,0,0,1,1,1,0,0,0,0,0,1,1,1
9101259,0,33.9,26.97,3.523415014,3.294725137,1,2,2,2,2,1,1,0,0,0,0,1,1,1,1
9101274,0,29.68,25.67,3.390473418,3.245322995,1,1,1,2,2,2,2,2,2,2,2,2,2,2,2
9101275,0,28.31,25.05,3.343215099,3.220873828,2,2,2,2,1,1,1,1,1,1,1,1,2,2,2
9101276,0,27.88,22.75,3.327909586,3.124565145,2,2,2,2,2,2,1,1,1,1,1,1,2,2,2
9101277,0,28.94,25.89,3.365224721,3.253856794,1,1,1,2,1,1,1,1,1,1,1,1,2,2,2
9101282,0,29.41,23.92,3.381334753,3.174714929,2,2,2,2,0,1,1,1,1,1,1,2,1,1,2
9101283,0,34.29,27.74,3.534853766,3.322875415,2,2,2,2,1,1,1,2,2,2,2,2,1,1,1
9101284,0,29.42,23.34,3.381674715,3.150168627,2,2,2,2,1,2,2,2,2,2,2,2,0,0,0
9101292,0,32.67,25.5,3.486457226,3.238678452,1,1,1,1,1,1,1,1,1,1,0,1,1,1,1
9101293,0,31.45,26.14,3.448398983,3.263466708,1,1,1,1,1,1,1,1,0,0,0,1,1,1,1
9101294,0,28.83,22.99,3.361416512,3.135059339,1,1,1,1,1,1,1,1,1,1,-,0,0,0,0
9101301,0,30.14,25.05,3.405853193,3.220873828,1,1,1,1,1,1,1,1,1,1,0,0,0,0,0
9101309,0,28.39,24.35,3.34603697,3.19253185,0,0,0,0,1,1,2,2,2,2,2,2,2,1,1
9101326,0,34.56,28.71,3.542696944,3.357245494,1,2,2,2,2,2,2,2,2,2,2,2,2,2,1
9101327,0,28.93,24.88,3.364879119,3.214064268,1,1,1,1,1,1,1,1,1,1,2,2,2,2,2
9101328,0,30.28,24.83,3.410487429,3.2120526,1,1,1,1,1,1,1,1,1,1,2,2,2,2,2
9101329,0,28.39,24.7,3.34603697,3.206803244,1,2,2,2,2,2,2,2,2,2,2,2,2,2,1
9101351,0,30.21,23.58,3.408172995,3.160398895,1,1,1,1,1,1,1,1,1,1,1,1,1,1,2
9101352,0,29.18,24.7,3.373483543,3.206803244,1,1,1,1,1,1,1,1,1,1,1,1,0,0,0
9101353,0,30.37,26.14,3.413455279,3.263466708,1,1,1,1,1,1,1,1,1,1,2,2,0,0,0
9101354,0,26.52,22.37,3.277899165,3.107720776,1,1,1,1,1,1,1,1,1,1,2,2,1,1,1
9101355,0,29.9,24.38,3.39785848,3.193763124,1,1,1,1,1,1,1,1,1,1,1,1,0,0,1
9101356,0,33.34,27.72,3.506757877,3.322154174,1,1,1,1,2,2,2,2,2,2,2,2,0,0,0
9101357,0,33.07,27.3,3.498626527,3.306886702,1,1,1,1,1,1,1,2,2,2,1,1,1,1,2
9101358,0,34.15,28.18,3.530762586,3.338612506,1,1,1,1,1,2,2,2,2,2,2,2,0,0,1
9101359,0,29.17,24,3.373140784,3.17805383,1,1,1,1,1,1,1,1,1,1,2,2,0,0,0
9101375,0,32.74,26.68,3.488597572,3.283914221,0,1,1,1,0,0,0,0,0,0,0,0,0,0,0
9101376,0,36.17,28.05,3.588230046,3.333988632,0,1,1,1,1,1,1,1,1,1,1,1,0,0,0
9101377,0,35.13,28.56,3.559055466,3.352007137,0,1,1,1,0,0,0,0,0,0,0,0,0,0,0
9101383,0,32.92,27.48,3.494080376,3.313458467,1,1,1,1,0,1,1,1,1,1,1,1,1,1,1
9101384,0,28.31,24.07,3.343215099,3.180966252,0,0,0,0,0,1,1,1,1,1,1,1,1,1,1
9101385,0,29.35,24.74,3.379292546,3.208421367,0,0,0,0,0,1,1,1,1,1,1,1,1,1,1
9101386,0,28.11,19.17,3.336125385,2.953346557,0,0,0,0,1,1,1,1,1,1,1,1,1,1,1
9101387,0,31.14,26,3.438493166,3.258096538,0,0,0,0,0,1,1,1,1,1,1,1,1,1,1
9101404,0,32.51,25.56,3.481547734,3.24102863,1,2,1,1,1,1,1,1,1,2,2,2,2,2,2
9101411,0,34.81,28.32,3.549904702,3.343568269,1,1,1,1,1,1,1,1,1,1,0,0,0,0,0
9101418,0,31.75,26.05,3.457892725,3.260017768,1,0,0,0,0,0,0,0,0,0,1,1,2,2,2
9101419,0,32.33,26.94,3.475995592,3.293612171,1,1,1,1,2,2,2,2,2,2,2,2,1,1,1
9101420,0,37.29,29.93,3.618725194,3.398861322,1,1,1,1,2,2,2,1,1,1,0,0,0,2,2
9101421,0,31.71,26.57,3.456632089,3.27978276,0,0,0,0,1,1,1,1,1,1,2,2,2,2,2
9101425,0,33.19,27.17,3.502248626,3.302113423,1,1,1,1,0,0,0,0,1,1,1,1,1,1,1
9101426,0,32.95,27.57,3.494991261,3.316728225,1,1,1,1,-,1,1,1,1,1,1,1,1,1,0
9101432,0,30.7,25.53,3.424262655,3.239854231,1,1,1,1,1,1,1,1,1,1,2,2,1,1,2
9101433,0,28.02,22.24,3.332918541,3.101892469,1,1,1,1,1,1,1,1,1,1,2,1,1,1,2
9101434,0,36.85,28.72,3.606855619,3.357593744,1,1,1,1,2,2,2,2,2,2,2,2,1,1,2
9101443,0,28.04,23.39,3.333632062,3.152308581,1,1,1,1,1,0,0,0,0,0,0,1,1,1,1
9101451,0,30.25,24.25,3.409496184,3.188416617,1,1,1,1,1,1,1,1,1,1,0,0,0,0,0
9101452,0,31.34,26.07,3.444895237,3.260785228,1,1,1,2,2,1,1,1,1,1,1,1,0,0,0
9101468,0,29.47,24.12,3.383372797,3.183041372,1,1,1,0,0,1,1,1,1,1,1,1,1,1,1
9101469,0,28.78,23.73,3.359680701,3.16674007,0,0,0,0,0,1,1,1,1,1,1,1,2,2,2
9101470,0,29.27,23.81,3.376563101,3.17010566,1,0,0,0,0,0,0,0,0,0,1,1,1,1,2
9101471,0,31.06,24.14,3.435920818,3.183870216,1,0,0,0,0,0,0,0,0,0,1,1,1,1,2
9101472,0,35.11,28.35,3.55848599,3.34462703,1,1,1,0,0,1,1,1,1,1,1,1,2,2,1
9101478,0,31.71,26.75,3.456632089,3.286534473,0,0,0,0,0,2,2,2,2,2,2,2,2,2,1
9101479,0,31.9,26.27,3.46260601,3.268427604,2,2,1,1,1,2,2,2,2,2,1,1,1,1,1
9101480,0,33.17,27.38,3.501645853,3.30981282,1,1,2,2,2,2,1,1,1,1,0,0,0,0,0
9101481,0,30.73,24.41,3.425239376,3.194992884,2,2,2,2,0,1,1,1,1,1,1,1,0,1,0
9101482,0,30.72,26.38,3.424913908,3.272606147,1,1,1,1,1,1,1,1,1,1,1,1,1,1,0
9101486,0,33.18,28.32,3.501947285,3.343568269,1,1,1,1,1,1,1,1,1,1,1,1,0,0,1
9101491,0,42.08,34.05,3.739572568,3.527830033,2,2,2,2,2,2,2,2,2,2,2,2,2,2,1
9101492,0,33.93,28.57,3.524299579,3.352357216,2,2,2,2,2,2,2,2,2,2,2,2,2,2,1
9101497,0,29.44,25.53,3.382354294,3.239854231,1,0,0,0,1,1,1,2,2,2,2,2,1,1,0
9101498,0,29.95,25.66,3.399529325,3.244933359,1,1,1,1,1,1,1,1,1,1,0,0,0,0,0
9101502,0,31.48,27.34,3.449352424,3.308350831,1,1,1,1,1,1,1,2,2,2,1,1,1,1,1
9101503,0,36.52,28.57,3.597860056,3.352357216,1,1,1,1,1,1,1,1,1,1,1,1,1,1,1
9101504,0,33.88,29.69,3.52282487,3.390810289,1,1,1,1,1,1,1,2,2,2,1,1,1,1,1
9201175,0,33.98,27.72,3.525772116,3.322154174,2,1,1,1,1,1,1,0,0,0,1,1,0,0,0
9201176,0,35.1,27.48,3.55820113,3.313458467,2,2,2,2,2,2,2,2,2,2,2,2,2,2,1
9201177,0,32.88,24.6,3.49286457,3.202746443,1,1,1,1,2,2,2,1,1,1,1,1,1,1,1
9201178,0,35.08,25.95,3.557631168,3.25617161,2,2,2,2,2,2,2,1,1,1,1,1,0,0,1
9201186,0,30.98,26.41,3.433341835,3.273742726,2,2,1,1,1,1,1,1,1,1,0,0,1,1,0
9201187,0,30.42,25.91,3.415100287,3.254628995,1,1,1,1,1,1,1,1,1,1,0,0,0,0,0
9201188,0,31.15,25.45,3.438814245,3.236715743,1,1,1,1,1,1,1,1,1,1,1,1,1,1,1
9201196,0,31.49,25.66,3.449670035,3.244933359,1,1,1,1,1,2,2,2,2,2,1,1,1,1,1
9201197,0,31.75,26.25,3.457892725,3.267665989,1,1,1,1,1,1,1,1,1,1,1,1,1,1,1
9201198,0,27.97,22.79,3.331132507,3.126321843,1,1,1,1,1,1,0,0,0,0,0,2,2,2,1
9201203,0,32.8,26.09,3.490428515,3.261552099,0,0,0,0,0,0,0,1,1,1,1,1,1,1,2
9201204,0,31.03,25.26,3.434954478,3.229222117,0,0,0,0,0,0,0,0,0,0,0,0,1,1,1
9201205,0,30.47,24.78,3.416742593,3.210036876,0,0,0,0,0,0,0,1,1,1,1,1,1,1,2
9201206,0,29.52,24.77,3.385068,3.209633244,0,0,0,0,0,0,0,1,1,-,1,1,1,1,2
9201207,0,24.91,19.41,3.215269329,2.965788397,0,0,0,0,0,0,0,0,0,0,0,0,1,1,2
9201208,0,33.24,26.61,3.50375397,3.281287085,0,0,0,0,-,0,0,1,1,1,1,1,1,1,1
9201215,0,30.63,25.3,3.421979921,3.230804396,1,1,1,1,1,0,0,0,0,0,0,1,0,0,0
9201216,0,30.87,24.95,3.429784839,3.216873822,1,2,2,2,1,1,1,1,1,1,1,1,0,0,0
9201217,0,31.11,25.64,3.437529311,3.244153632,0,1,1,1,1,0,0,0,0,0,1,1,0,0,0
9201218,0,31.07,24.12,3.436242723,3.183041372,0,1,1,1,1,0,0,0,0,0,1,1,0,0,0
9201225,0,28.62,23.43,3.354105774,3.154017253,2,2,2,1,1,1,0,0,0,0,0,2,2,2,2
9201226,0,27.89,22.84,3.328268202,3.128513385,1,1,1,1,1,1,0,1,1,1,1,2,2,2,1
9201227,0,28.37,22.79,3.345332249,3.126321843,1,1,1,1,1,1,0,0,0,0,0,2,2,2,2
9201228,0,32.85,26.71,3.491951745,3.285038027,2,2,2,2,2,2,1,0,0,0,0,2,2,2,2
9201236,0,30.25,24.84,3.409496184,3.212455257,1,2,2,2,2,1,1,1,1,1,2,1,1,1,1
9201237,0,34.61,29,3.544142658,3.36729583,0,0,0,0,1,1,1,1,1,1,1,1,1,1,1
9201238,0,29.14,23.57,3.372111801,3.159974717,0,0,0,0,0,0,0,0,0,0,1,-,1,1,1
9201245,0,30.32,25.22,3.411807561,3.227637331,2,2,2,2,1,1,1,1,1,1,1,1,1,1,1
9201246,0,30.53,24.71,3.418709807,3.20720802,2,2,2,2,1,1,1,1,1,1,1,1,2,1,1
9201247,0,29.78,22.27,3.393837027,3.103240481,0,1,2,2,1,1,1,1,1,1,1,1,0,0,0
9201248,0,30.64,24.8,3.422306345,3.210843653,0,0,1,1,1,1,1,1,1,1,1,1,0,0,0
9201253,0,32.11,25.97,3.469167508,3.256942026,2,2,2,2,2,1,1,1,1,1,1,1,1,1,1
9201254,0,28.37,23.54,3.345332249,3.158701102,1,1,1,2,2,2,2,2,2,2,2,2,1,1,1
9201255,0,36.33,28.66,3.592643846,3.355502422,2,2,2,2,2,2,2,2,2,2,2,2,1,1,1
9201256,0,35.51,29.14,3.569814347,3.372111801,1,1,1,2,2,2,2,2,2,2,2,2,1,1,1
9201257,0,32.6,25.81,3.484312288,3.250762014,2,2,2,2,2,1,1,1,2,2,2,2,1,1,1
9201258,0,36.57,28.93,3.599228232,3.364879119,2,2,1,2,2,2,2,2,2,2,2,1,1,1,1
9201262,0,28.64,23.52,3.354804342,3.157851123,1,1,2,2,2,2,2,1,1,1,0,0,0,0,0
9201265,0,30.53,25.42,3.418709807,3.235536266,1,1,1,1,2,2,2,0,0,0,1,1,1,0,0
9201266,0,31,24.84,3.433987204,3.212455257,1,1,1,1,2,2,1,1,1,1,1,1,1,0,0
9201275,0,30.41,25.11,3.414771502,3.223266173,0,0,0,0,1,1,1,1,1,1,1,2,2,2,2
9201276,0,34.08,29.36,3.528710702,3.379633204,1,1,1,1,0,0,0,1,1,1,1,1,1,1,1
9201277,0,32.88,27.54,3.49286457,3.315639493,1,1,1,1,1,1,1,1,1,1,1,1,1,2,2
9201278,0,34.3,28.38,3.535145354,3.345684672,2,2,2,2,1,1,1,1,1,-,1,1,1,1,1
9201293,0,33.72,28.16,3.518091133,3.337902531,0,0,0,0,1,1,2,-,2,2,2,2,2,2,2
9201296,0,29.82,26.51,3.395179309,3.27752202,1,0,0,0,1,1,2,2,2,2,2,2,2,2,2
9201302,0,31.26,25.32,3.442339325,3.231594597,2,2,2,2,2,0,0,-,0,0,0,0,0,0,0
9201303,0,29.31,24.21,3.377928755,3.186765771,2,1,1,1,-,0,1,1,1,1,1,1,2,2,2
9201304,0,39.22,29.48,3.669186821,3.383712067,2,2,2,2,-,1,0,0,0,0,0,0,2,2,2
9201305,0,33.56,25.25,3.513334882,3.228826156,2,2,2,2,2,2,1,1,1,1,1,1,0,0,1
9201306,0,29.03,23.52,3.368329778,3.157851123,2,1,1,1,1,1,0,0,0,0,0,0,1,2,2
9201307,0,34.87,26.73,3.551626861,3.28578653,2,2,2,2,2,2,1,1,1,1,1,1,1,1,2
9201316,0,32.96,27.87,3.495294705,3.327550841,2,-,1,1,1,1,1,1,1,1,1,1,1,1,2
9201317,0,31.47,26.18,3.449034711,3.26499576,2,2,2,1,-,1,1,1,1,1,1,1,1,1,2
9201325,0,27.78,23.37,3.324316337,3.151453149,1,1,0,0,0,1,1,0,0,0,1,1,1,1,1
9201326,0,31.5,26.54,3.449987546,3.278653029,1,1,1,1,1,1,1,1,1,1,1,1,1,1,1
9201333,0,34.85,28.75,3.551053137,3.358637767,2,2,2,1,1,1,1,1,1,1,1,2,2,2,1
9201334,0,33.7,27.75,3.517497837,3.32323584,1,1,1,1,1,1,2,2,2,2,2,2,2,2,1
9201335,0,33.28,27.52,3.504956616,3.314913013,2,2,2,2,2,2,2,2,2,2,2,2,2,2,2
9201336,0,31.5,25.8,3.449987546,3.250374492,1,1,1,1,1,1,1,1,1,1,1,2,2,2,2
9201337,0,35.92,28.66,3.581294243,3.355502422,2,2,2,2,2,2,2,2,2,2,2,2,2,2,2
9201355,0,35.24,30.68,3.562181801,3.423610976,0,1,1,1,1,1,1,1,1,1,0,0,0,0,0
9201356,0,33.95,28.57,3.524888854,3.352357216,1,1,1,1,1,1,1,1,1,1,0,0,0,0,0
9201357,0,27.29,22.13,3.306520335,3.096934154,1,1,1,1,1,1,1,1,1,1,1,1,2,2,1
9201358,0,29.55,24.12,3.386083744,3.183041372,1,1,1,1,1,1,1,1,1,0,0,0,1,0,0
9201363,0,36.7,28.86,3.602776755,3.362456553,2,2,1,1,1,1,1,1,1,1,1,1,1,1,0
9201364,0,34.66,27.25,3.545586284,3.305053521,2,2,1,1,1,1,1,1,1,1,1,1,1,1,0
9201365,0,32.58,25.48,3.483698603,3.237893831,2,2,1,1,1,1,1,1,1,1,1,1,1,2,1
9201372,0,31.62,27.21,3.453789832,3.303584553,0,0,0,0,0,1,1,1,1,1,1,1,1,1,1
9201373,0,30.03,24.88,3.402196882,3.214064268,0,0,0,0,0,1,1,1,1,1,1,1,1,1,1
9201374,0,35.94,30.55,3.581850881,3.419364686,1,1,1,1,1,2,1,1,1,1,1,1,1,1,1
9201375,0,31.5,26.07,3.449987546,3.260785228,1,1,0,0,0,1,1,1,1,0,0,0,0,0,0
9201379,0,29.36,24.86,3.379633204,3.213260086,0,0,0,0,0,0,0,1,1,1,1,1,1,1,2
9201380,0,30.1,25.59,3.404525172,3.24220165,0,0,0,0,0,0,0,0,0,0,0,0,0,1,2
9201381,0,29.05,25.04,3.369018483,3.220474546,0,0,0,0,0,0,0,0,0,0,1,1,1,1,2
9201382,0,26.12,21.91,3.262701304,3.086943154,0,0,0,0,0,0,0,1,1,1,0,0,0,0,1
9201388,0,38.59,30.66,3.652993176,3.422958873,2,2,2,2,2,1,1,1,1,1,1,1,1,2,2
9201389,0,31.43,24.41,3.447762851,3.194992884,2,1,1,1,1,0,0,0,0,0,0,0,1,1,2
9201390,0,32.26,24.5,3.473828073,3.198673118,2,2,1,1,1,0,0,0,0,1,1,1,2,2,2
9201391,0,31.96,26.76,3.464485121,3.286908235,1,1,0,0,1,1,1,1,1,1,1,1,2,1,1
9201392,0,31.87,26.95,3.461665128,3.293983297,1,1,1,1,1,0,0,0,0,0,0,0,1,2,2